what,kind,bundleId,bundleVersion,description,time
started,bundle,org.eclipse.ui.net,1.2.100.I20110511-0800,"org.eclipse.ui.net",1323383707793
started,bundle,org.eclipse.ui.views,3.6.0.I20110412-0800,"org.eclipse.ui.views",1323383707793
started,bundle,org.eclipse.ui.workbench,3.7.0.I20110519-0100,"org.eclipse.ui.workbench",1323383707794
started,bundle,org.eclipse.ui.workbench.texteditor,3.7.0.v20110505-0800,"org.eclipse.ui.workbench.texteditor",1323383707794
started,bundle,org.eclipse.update.configurator,3.3.100.v20100512,"org.eclipse.update.configurator",1323383707797
started,bundle,org.eclipse.update.core,3.2.500.v20110330,"org.eclipse.update.core",1323383707798
started,bundle,org.eclipse.update.scheduler,3.2.300.v20100512,"org.eclipse.update.scheduler",1323383707798
os,sysinfo,,,"macosx",1323383707801
arch,sysinfo,,,"x86",1323383707801
ws,sysinfo,,,"cocoa",1323383707801
locale,sysinfo,,,"en_US",1323383707801
processors,sysinfo,,,"2",1323383707801
java.runtime.name,sysinfo,,,"Java(TM) SE Runtime Environment",1323383707801
java.runtime.version,sysinfo,,,"1.6.0_29-b11-402-11M3527",1323383707801
java.specification.name,sysinfo,,,"Java Platform API Specification",1323383707801
java.specification.vendor,sysinfo,,,"Sun Microsystems Inc.",1323383707801
java.specification.version,sysinfo,,,"1.6",1323383707801
java.vendor,sysinfo,,,"Apple Inc.",1323383707801
java.version,sysinfo,,,"1.6.0_29",1323383707801
java.vm.info,sysinfo,,,"mixed mode",1323383707801
java.vm.name,sysinfo,,,"Java HotSpot(TM) Client VM",1323383707801
java.vm.specification.name,sysinfo,,,"Java Virtual Machine Specification",1323383707801
java.vm.specification.vendor,sysinfo,,,"Sun Microsystems Inc.",1323383707801
java.vm.specification.version,sysinfo,,,"1.0",1323383707801
java.vm.vendor,sysinfo,,,"Apple Inc.",1323383707801
java.vm.version,sysinfo,,,"20.4-b02-402",1323383707801
started,bundle,org.eclipse.linuxtools.cdt.autotools.core,1.0.2.201108301805,"org.eclipse.linuxtools.cdt.autotools.core",1323383708295
started,bundle,org.eclipse.core.variables,3.2.500.v20110511,"org.eclipse.core.variables",1323383708357
started,bundle,de.innot.avreclipse.core,2.3.4.20100807PRD,"de.innot.avreclipse.core",1323383708371
started,bundle,org.eclipse.debug.core,3.7.0.v20110518,"org.eclipse.debug.core",1323383708412
started,bundle,org.eclipse.cdt.msw.build,1.0.0.201109151620,"org.eclipse.cdt.msw.build",1323383708471
deactivated,workbench,org.eclipse.ui.workbench,3.7.0.I20110519-0100,"",1323383717435
activated,workbench,org.eclipse.ui.workbench,3.7.0.I20110519-0100,"",1323383718745
executed,command,org.eclipse.ui,3.7.0.I20110602-0100,"org.eclipse.ui.window.preferences",1323383718807
deactivated,workbench,org.eclipse.ui.workbench,3.7.0.I20110519-0100,"",1323383719795
started,bundle,org.eclipse.cdt.managedbuilder.ui,8.0.0.201109151620,"org.eclipse.cdt.managedbuilder.ui",1323383727532
activated,workbench,org.eclipse.ui.workbench,3.7.0.I20110519-0100,"",1323383774063
executed,command,org.eclipse.ui,3.7.0.I20110602-0100,"org.eclipse.ui.file.properties",1323383774107
closed,workbench,org.eclipse.ui.workbench,3.7.0.I20110519-0100,"",1323383775301
started,bundle,org.eclipse.compare.core,3.5.200.I20110208-0800,"org.eclipse.compare.core",1323383775796
started,bundle,org.eclipse.compare,3.5.201.R37x_v20110817-0800,"org.eclipse.compare",1323383775803
stopped,bundle,org.eclipse.cdt.build.crossgcc,1.0.0.201109151620,"org.eclipse.cdt.build.crossgcc",1323383775953
stopped,bundle,org.eclipse.cdt.codan.checkers.ui,1.0.0.201109151620,"org.eclipse.cdt.codan.checkers.ui",1323383775954
stopped,bundle,org.eclipse.cdt.codan.checkers,1.0.0.201109151620,"org.eclipse.cdt.codan.checkers",1323383775955
stopped,bundle,org.eclipse.cdt.codan.ui.cxx,2.0.0.201109151620,"org.eclipse.cdt.codan.ui.cxx",1323383775955
stopped,bundle,org.eclipse.cdt.codan.core.cxx,1.0.0.201109151620,"org.eclipse.cdt.codan.core.cxx",1323383775957
stopped,bundle,org.eclipse.cdt.launch.remote,2.3.0.201109151620,"org.eclipse.cdt.launch.remote",1323383775957
stopped,bundle,org.eclipse.cdt.debug.mi.ui,6.1.0.201109151620,"org.eclipse.cdt.debug.mi.ui",1323383775958
stopped,bundle,org.eclipse.cdt.debug.mi.core,7.1.1.201109151620,"org.eclipse.cdt.debug.mi.core",1323383775959
stopped,bundle,org.eclipse.cdt.debug.ui.memory.memorybrowser,1.2.100.201109151620,"org.eclipse.cdt.debug.ui.memory.memorybrowser",1323383775960
stopped,bundle,org.eclipse.cdt.debug.ui.memory.search,1.2.0.201109151620,"org.eclipse.cdt.debug.ui.memory.search",1323383775960
stopped,bundle,org.eclipse.cdt.dsf.gdb.ui,2.2.1.201109151620,"org.eclipse.cdt.dsf.gdb.ui",1323383775961
stopped,bundle,org.eclipse.cdt.dsf.ui,2.2.0.201109151620,"org.eclipse.cdt.dsf.ui",1323383775967
stopped,bundle,org.eclipse.cdt.gdb.ui,7.0.0.201109151620,"org.eclipse.cdt.gdb.ui",1323383775971
stopped,bundle,org.eclipse.cdt.dsf.gdb,4.0.1.201109151620,"org.eclipse.cdt.dsf.gdb",1323383775972
stopped,bundle,org.eclipse.cdt.launch,7.0.0.201109151620,"org.eclipse.cdt.launch",1323383775973
stopped,bundle,org.eclipse.cdt.debug.ui,7.1.1.201109151620,"org.eclipse.cdt.debug.ui",1323383775974
stopped,bundle,org.eclipse.cdt.debug.ui.memory.traditional,1.2.0.201109151620,"org.eclipse.cdt.debug.ui.memory.traditional",1323383775975
stopped,bundle,org.eclipse.cdt.dsf,2.2.0.201109151620,"org.eclipse.cdt.dsf",1323383775975
stopped,bundle,org.eclipse.cdt.debug.core,7.1.0.201109151620,"org.eclipse.cdt.debug.core",1323383775976
stopped,bundle,org.eclipse.linuxtools.cdt.autotools.ui,1.0.1.201108301805,"org.eclipse.linuxtools.cdt.autotools.ui",1323383775977
stopped,bundle,org.eclipse.linuxtools.cdt.autotools.core,1.0.2.201108301805,"org.eclipse.linuxtools.cdt.autotools.core",1323383775977
stopped,bundle,de.innot.avreclipse.core,2.3.4.20100807PRD,"de.innot.avreclipse.core",1323383775977
stopped,bundle,org.eclipse.cdt.managedbuilder.ui,8.0.0.201109151620,"org.eclipse.cdt.managedbuilder.ui",1323383775977
stopped,bundle,org.eclipse.cdt.make.ui,7.1.1.201109151620,"org.eclipse.cdt.make.ui",1323383775979
stopped,bundle,org.eclipse.cdt.managedbuilder.gnu.ui,8.0.1.201109151620,"org.eclipse.cdt.managedbuilder.gnu.ui",1323383775980
stopped,bundle,org.eclipse.cdt.msw.build,1.0.0.201109151620,"org.eclipse.cdt.msw.build",1323383775980
stopped,bundle,org.eclipse.cdt.managedbuilder.core,8.0.1.201109151620,"org.eclipse.cdt.managedbuilder.core",1323383775980
stopped,bundle,org.eclipse.cdt.make.core,7.1.1.201109151620,"org.eclipse.cdt.make.core",1323383775984
stopped,bundle,org.eclipse.cdt.mylyn.ui,3.6.0.v20110608-1400,"org.eclipse.cdt.mylyn.ui",1323383775988
stopped,bundle,org.eclipse.cdt.codan.ui,2.0.0.201109151620,"org.eclipse.cdt.codan.ui",1323383775992
stopped,bundle,org.eclipse.cdt.ui,5.3.1.201109151620,"org.eclipse.cdt.ui",1323383775992
stopped,bundle,org.eclipse.cdt.core,5.3.1.201109151620,"org.eclipse.cdt.core",1323383775992
stopped,bundle,org.eclipse.egit.ui,1.1.0.201109151100-r,"org.eclipse.egit.ui",1323383775992
stopped,bundle,org.eclipse.equinox.p2.ui.sdk,1.0.200.v20110502-1955,"org.eclipse.equinox.p2.ui.sdk",1323383775994
activated,perspective,org.eclipse.cdt.ui,,"org.eclipse.cdt.ui.CPerspective",1323485343613
started,bundle,org.eclipse.osgi,3.7.1.R37x_v20110808-1106,"org.eclipse.osgi",1323485343614
started,bundle,org.eclipse.equinox.simpleconfigurator,1.0.200.v20110502-1955,"org.eclipse.equinox.simpleconfigurator",1323485343615
started,bundle,com.ibm.icu,4.4.2.v20110208,"com.ibm.icu",1323485343617
started,bundle,org.eclipse.cdt.codan.checkers,1.0.0.201109151620,"org.eclipse.cdt.codan.checkers",1323485343618
started,bundle,org.eclipse.cdt.codan.core,2.0.0.201109151620,"org.eclipse.cdt.codan.core",1323485343619
started,bundle,org.eclipse.cdt.codan.core.cxx,1.0.0.201109151620,"org.eclipse.cdt.codan.core.cxx",1323485343620
started,bundle,org.eclipse.cdt.codan.ui.cxx,2.0.0.201109151620,"org.eclipse.cdt.codan.ui.cxx",1323485343620
started,bundle,org.eclipse.cdt.core,5.3.1.201109151620,"org.eclipse.cdt.core",1323485343622
started,bundle,org.eclipse.cdt.make.core,7.1.1.201109151620,"org.eclipse.cdt.make.core",1323485343624
started,bundle,org.eclipse.cdt.make.ui,7.1.1.201109151620,"org.eclipse.cdt.make.ui",1323485343626
started,bundle,org.eclipse.cdt.managedbuilder.core,8.0.1.201109151620,"org.eclipse.cdt.managedbuilder.core",1323485343627
started,bundle,org.eclipse.cdt.ui,5.3.1.201109151620,"org.eclipse.cdt.ui",1323485343630
started,bundle,org.eclipse.core.contenttype,3.4.100.v20110423-0524,"org.eclipse.core.contenttype",1323485343631
started,bundle,org.eclipse.core.databinding.observable,1.4.0.I20110222-0800,"org.eclipse.core.databinding.observable",1323485343633
started,bundle,org.eclipse.core.expressions,3.4.300.v20110228,"org.eclipse.core.expressions",1323485343633
started,bundle,org.eclipse.core.filebuffers,3.5.200.v20110505-0800,"org.eclipse.core.filebuffers",1323485343634
started,bundle,org.eclipse.core.filesystem,1.3.100.v20110423-0524,"org.eclipse.core.filesystem",1323485343636
started,bundle,org.eclipse.core.jobs,3.5.100.v20110404,"org.eclipse.core.jobs",1323485343637
started,bundle,org.eclipse.core.net,1.2.100.I20110511-0800,"org.eclipse.core.net",1323485343637
started,bundle,org.eclipse.core.resources,3.7.100.v20110510-0712,"org.eclipse.core.resources",1323485343639
started,bundle,org.eclipse.core.runtime,3.7.0.v20110110,"org.eclipse.core.runtime",1323485343639
started,bundle,org.eclipse.core.runtime.compatibility,3.2.100.v20100505,"org.eclipse.core.runtime.compatibility",1323485343640
started,bundle,org.eclipse.core.runtime.compatibility.auth,3.2.200.v20110110,"org.eclipse.core.runtime.compatibility.auth",1323485343641
started,bundle,org.eclipse.egit.core,1.1.0.201109151100-r,"org.eclipse.egit.core",1323485343643
started,bundle,org.eclipse.egit.ui,1.1.0.201109151100-r,"org.eclipse.egit.ui",1323485343645
started,bundle,org.eclipse.epp.mpc.ui,1.1.1.I20110907-0947,"org.eclipse.epp.mpc.ui",1323485343646
started,bundle,org.eclipse.epp.usagedata.gathering,1.3.1.R201106061540,"org.eclipse.epp.usagedata.gathering",1323485343648
started,bundle,org.eclipse.epp.usagedata.recording,1.3.1.R201106061540,"org.eclipse.epp.usagedata.recording",1323485343649
started,bundle,org.eclipse.equinox.app,1.3.100.v20110321,"org.eclipse.equinox.app",1323485343649
started,bundle,org.eclipse.equinox.common,3.6.0.v20110523,"org.eclipse.equinox.common",1323485343650
started,bundle,org.eclipse.equinox.ds,1.3.1.R37x_v20110701,"org.eclipse.equinox.ds",1323485343651
started,bundle,org.eclipse.equinox.event,1.2.100.v20110502,"org.eclipse.equinox.event",1323485343652
started,bundle,org.eclipse.equinox.p2.core,2.1.0.v20110502-1955,"org.eclipse.equinox.p2.core",1323485343653
started,bundle,org.eclipse.equinox.p2.directorywatcher,1.0.300.v20110502-1955,"org.eclipse.equinox.p2.directorywatcher",1323485343654
started,bundle,org.eclipse.equinox.p2.engine,2.1.0.v20110511,"org.eclipse.equinox.p2.engine",1323485343655
started,bundle,org.eclipse.equinox.p2.metadata,2.1.0.v20110510,"org.eclipse.equinox.p2.metadata",1323485343657
started,bundle,org.eclipse.equinox.p2.metadata.repository,1.2.0.v20110511-1359,"org.eclipse.equinox.p2.metadata.repository",1323485343658
started,bundle,org.eclipse.equinox.p2.operations,2.1.0.v20110511-1821,"org.eclipse.equinox.p2.operations",1323485343659
started,bundle,org.eclipse.equinox.p2.reconciler.dropins,1.1.100.v20110510,"org.eclipse.equinox.p2.reconciler.dropins",1323485343660
started,bundle,org.eclipse.equinox.p2.repository,2.1.0.v20110601,"org.eclipse.equinox.p2.repository",1323485343661
started,bundle,org.eclipse.equinox.p2.ui.sdk.scheduler,1.0.100.v20110502-1955,"org.eclipse.equinox.p2.ui.sdk.scheduler",1323485343662
started,bundle,org.eclipse.equinox.p2.updatechecker,1.1.200.v20110502-1955,"org.eclipse.equinox.p2.updatechecker",1323485343663
started,bundle,org.eclipse.equinox.preferences,3.4.1.R37x_v20110725,"org.eclipse.equinox.preferences",1323485343663
started,bundle,org.eclipse.equinox.registry,3.5.101.R37x_v20110810-1611,"org.eclipse.equinox.registry",1323485343664
started,bundle,org.eclipse.equinox.security,1.1.1.R37x_v20110822-1018,"org.eclipse.equinox.security",1323485343666
started,bundle,org.eclipse.equinox.util,1.0.300.v20110502,"org.eclipse.equinox.util",1323485343667
started,bundle,org.eclipse.help,3.5.100.v20110426,"org.eclipse.help",1323485343669
started,bundle,org.eclipse.jface,3.7.0.I20110522-1430,"org.eclipse.jface",1323485343670
started,bundle,org.eclipse.jgit,1.1.0.201109151100-r,"org.eclipse.jgit",1323485343670
started,bundle,org.eclipse.jsch.core,1.1.300.I20110514-0800,"org.eclipse.jsch.core",1323485343671
started,bundle,org.eclipse.ltk.core.refactoring,3.5.201.r371_v20110824-0800,"org.eclipse.ltk.core.refactoring",1323485343673
started,bundle,org.eclipse.ltk.ui.refactoring,3.6.0.v20110505-0800,"org.eclipse.ltk.ui.refactoring",1323485343674
started,bundle,org.eclipse.mylyn.bugzilla.core,3.6.2.v20110903-0100,"org.eclipse.mylyn.bugzilla.core",1323485343675
started,bundle,org.eclipse.mylyn.bugzilla.ui,3.6.0.v20110608-1400,"org.eclipse.mylyn.bugzilla.ui",1323485343677
started,bundle,org.eclipse.mylyn.commons.identity,0.8.0.v20110608-1400,"org.eclipse.mylyn.commons.identity",1323485343678
started,bundle,org.eclipse.mylyn.commons.net,3.6.0.v20110608-1400,"org.eclipse.mylyn.commons.net",1323485343678
started,bundle,org.eclipse.mylyn.commons.ui,3.6.1.v20110720-0100,"org.eclipse.mylyn.commons.ui",1323485343679
started,bundle,org.eclipse.mylyn.context.core,3.6.1.v20110720-0100,"org.eclipse.mylyn.context.core",1323485343680
started,bundle,org.eclipse.mylyn.context.ui,3.6.0.v20110608-1400,"org.eclipse.mylyn.context.ui",1323485343681
started,bundle,org.eclipse.mylyn.monitor.ui,3.6.0.v20110608-1400,"org.eclipse.mylyn.monitor.ui",1323485343682
started,bundle,org.eclipse.mylyn.tasks.ui,3.6.2.v20110826-0100,"org.eclipse.mylyn.tasks.ui",1323485343684
started,bundle,org.eclipse.mylyn.team.ui,3.6.1.v20110825-0100,"org.eclipse.mylyn.team.ui",1323485343686
started,bundle,org.eclipse.search,3.7.0.v20110505-0800,"org.eclipse.search",1323485343687
started,bundle,org.eclipse.team.core,3.6.0.I20110525-0800,"org.eclipse.team.core",1323485343688
started,bundle,org.eclipse.team.cvs.core,3.3.400.I20110510-0800,"org.eclipse.team.cvs.core",1323485343690
started,bundle,org.eclipse.team.cvs.ui,3.3.400.I20110510-0800,"org.eclipse.team.cvs.ui",1323485343692
started,bundle,org.eclipse.team.ui,3.6.100.I20110525-0800,"org.eclipse.team.ui",1323485343694
started,bundle,org.eclipse.ui,3.7.0.I20110602-0100,"org.eclipse.ui",1323485343696
started,bundle,org.eclipse.ui.console,3.5.100.v20110511,"org.eclipse.ui.console",1323485343697
started,bundle,org.eclipse.ui.editors,3.7.0.v20110517-0800,"org.eclipse.ui.editors",1323485343699
started,bundle,org.eclipse.ui.forms,3.5.100.v20110425,"org.eclipse.ui.forms",1323485343700
started,bundle,org.eclipse.ui.ide,3.7.0.v20110809-1737,"org.eclipse.ui.ide",1323485343702
started,bundle,org.eclipse.ui.navigator,3.5.100.v20110809-2227,"org.eclipse.ui.navigator",1323485343703
started,bundle,org.eclipse.ui.navigator.resources,3.4.300.I20110421-1800,"org.eclipse.ui.navigator.resources",1323485343704
started,bundle,org.eclipse.ui.net,1.2.100.I20110511-0800,"org.eclipse.ui.net",1323485343705
started,bundle,org.eclipse.ui.views,3.6.0.I20110412-0800,"org.eclipse.ui.views",1323485343706
started,bundle,org.eclipse.ui.workbench,3.7.0.I20110519-0100,"org.eclipse.ui.workbench",1323485343707
started,bundle,org.eclipse.ui.workbench.texteditor,3.7.0.v20110505-0800,"org.eclipse.ui.workbench.texteditor",1323485343708
started,bundle,org.eclipse.update.configurator,3.3.100.v20100512,"org.eclipse.update.configurator",1323485343709
started,bundle,org.eclipse.update.core,3.2.500.v20110330,"org.eclipse.update.core",1323485343710
started,bundle,org.eclipse.update.scheduler,3.2.300.v20100512,"org.eclipse.update.scheduler",1323485343711
os,sysinfo,,,"macosx",1323485343714
arch,sysinfo,,,"x86",1323485343714
ws,sysinfo,,,"cocoa",1323485343714
locale,sysinfo,,,"en_US",1323485343714
processors,sysinfo,,,"2",1323485343715
java.runtime.name,sysinfo,,,"Java(TM) SE Runtime Environment",1323485343715
java.runtime.version,sysinfo,,,"1.6.0_29-b11-402-11M3527",1323485343715
java.specification.name,sysinfo,,,"Java Platform API Specification",1323485343715
java.specification.vendor,sysinfo,,,"Sun Microsystems Inc.",1323485343715
java.specification.version,sysinfo,,,"1.6",1323485343715
java.vendor,sysinfo,,,"Apple Inc.",1323485343715
java.version,sysinfo,,,"1.6.0_29",1323485343715
java.vm.info,sysinfo,,,"mixed mode",1323485343715
java.vm.name,sysinfo,,,"Java HotSpot(TM) Client VM",1323485343715
java.vm.specification.name,sysinfo,,,"Java Virtual Machine Specification",1323485343715
java.vm.specification.vendor,sysinfo,,,"Sun Microsystems Inc.",1323485343715
java.vm.specification.version,sysinfo,,,"1.0",1323485343715
java.vm.vendor,sysinfo,,,"Apple Inc.",1323485343715
java.vm.version,sysinfo,,,"20.4-b02-402",1323485343715
started,bundle,org.eclipse.linuxtools.cdt.autotools.core,1.0.2.201108301805,"org.eclipse.linuxtools.cdt.autotools.core",1323485344816
started,bundle,org.eclipse.core.variables,3.2.500.v20110511,"org.eclipse.core.variables",1323485344870
started,bundle,de.innot.avreclipse.core,2.3.4.20100807PRD,"de.innot.avreclipse.core",1323485344889
started,bundle,org.eclipse.debug.core,3.7.0.v20110518,"org.eclipse.debug.core",1323485344943
started,bundle,org.eclipse.cdt.msw.build,1.0.0.201109151620,"org.eclipse.cdt.msw.build",1323485345020
executed,command,org.eclipse.ui.ide,3.7.0.v20110809-1737,"org.eclipse.ui.project.buildProject",1323485347199
started,bundle,org.eclipse.compare.core,3.5.200.I20110208-0800,"org.eclipse.compare.core",1323485351033
started,bundle,org.eclipse.compare,3.5.201.R37x_v20110817-0800,"org.eclipse.compare",1323485351041
executed,command,org.eclipse.ui,3.7.0.I20110602-0100,"org.eclipse.ui.edit.selectAll",1323485363932
activated,view,org.eclipse.ui.console,3.5.100.v20110511,"org.eclipse.ui.console.ConsoleView",1323485364712
executed,command,org.eclipse.ui,3.7.0.I20110602-0100,"org.eclipse.ui.edit.selectAll",1323485365656
executed,command,org.eclipse.ui,3.7.0.I20110602-0100,"org.eclipse.ui.edit.copy",1323485366596
deactivated,workbench,org.eclipse.ui.workbench,3.7.0.I20110519-0100,"",1323485368796
activated,workbench,org.eclipse.ui.workbench,3.7.0.I20110519-0100,"",1323485369823
deactivated,workbench,org.eclipse.ui.workbench,3.7.0.I20110519-0100,"",1323485369903
activated,workbench,org.eclipse.ui.workbench,3.7.0.I20110519-0100,"",1323485479644
activated,view,org.eclipse.ui.navigator.resources,3.4.300.I20110421-1800,"org.eclipse.ui.navigator.ProjectExplorer",1323485481258
deactivated,workbench,org.eclipse.ui.workbench,3.7.0.I20110519-0100,"",1323485484371
executed,command,org.eclipse.ui,3.7.0.I20110602-0100,"org.eclipse.ui.cocoa.minimizeWindow",1323485484375
activated,workbench,org.eclipse.ui.workbench,3.7.0.I20110519-0100,"",1323485768419
activated,view,org.eclipse.ui.console,3.5.100.v20110511,"org.eclipse.ui.console.ConsoleView",1323485769802
activated,view,org.eclipse.ui.navigator.resources,3.4.300.I20110421-1800,"org.eclipse.ui.navigator.ProjectExplorer",1323485771674
deactivated,workbench,org.eclipse.ui.workbench,3.7.0.I20110519-0100,"",1323485773412
started,bundle,org.eclipse.cdt.managedbuilder.ui,8.0.0.201109151620,"org.eclipse.cdt.managedbuilder.ui",1323485776141
activated,workbench,org.eclipse.ui.workbench,3.7.0.I20110519-0100,"",1323485781681
executed,command,org.eclipse.ui,3.7.0.I20110602-0100,"org.eclipse.ui.file.properties",1323485781726
deactivated,workbench,org.eclipse.ui.workbench,3.7.0.I20110519-0100,"",1323485783843
activated,workbench,org.eclipse.ui.workbench,3.7.0.I20110519-0100,"",1323485792926
executed,command,org.eclipse.ui,3.7.0.I20110602-0100,"org.eclipse.ui.file.properties",1323485792976
executed,command,org.eclipse.ui.ide,3.7.0.v20110809-1737,"org.eclipse.ui.project.buildProject",1323485794530
activated,view,org.eclipse.ui.console,3.5.100.v20110511,"org.eclipse.ui.console.ConsoleView",1323485813476
activated,view,org.eclipse.ui.navigator.resources,3.4.300.I20110421-1800,"org.eclipse.ui.navigator.ProjectExplorer",1323485824442
executed,command,org.eclipse.ui.ide,3.7.0.v20110809-1737,"org.eclipse.ui.project.buildProject",1323485826577
activated,view,org.eclipse.ui.console,3.5.100.v20110511,"org.eclipse.ui.console.ConsoleView",1323485831469
executed,command,de.innot.avreclipse.core,2.3.4.20100807PRD,"de.innot.avreclipse.commands.uploadproject",1323485914170
started,bundle,org.eclipse.debug.ui,3.7.101.v20110817_r371,"org.eclipse.debug.ui",1323485914279
started,bundle,org.eclipse.cdt.dsf,2.2.0.201109151620,"org.eclipse.cdt.dsf",1323485914290
started,bundle,org.eclipse.cdt.dsf.gdb,4.0.1.201109151620,"org.eclipse.cdt.dsf.gdb",1323485914291
started,bundle,org.eclipse.cdt.dsf.gdb.ui,2.2.1.201109151620,"org.eclipse.cdt.dsf.gdb.ui",1323485914293
deactivated,workbench,org.eclipse.ui.workbench,3.7.0.I20110519-0100,"",1323485914570
activated,workbench,org.eclipse.ui.workbench,3.7.0.I20110519-0100,"",1323485916944
deactivated,workbench,org.eclipse.ui.workbench,3.7.0.I20110519-0100,"",1323485940627
activated,view,org.eclipse.ui.navigator.resources,3.4.300.I20110421-1800,"org.eclipse.ui.navigator.ProjectExplorer",1323486973805
activated,workbench,org.eclipse.ui.workbench,3.7.0.I20110519-0100,"",1323486973842
executed,command,org.eclipse.ui,3.7.0.I20110602-0100,"org.eclipse.ui.edit.copy",1323486983954
deactivated,workbench,org.eclipse.ui.workbench,3.7.0.I20110519-0100,"",1323486987622
activated,workbench,org.eclipse.ui.workbench,3.7.0.I20110519-0100,"",1323487053954
closed,workbench,org.eclipse.ui.workbench,3.7.0.I20110519-0100,"",1323487054724
stopped,bundle,org.eclipse.cdt.build.crossgcc,1.0.0.201109151620,"org.eclipse.cdt.build.crossgcc",1323487055337
stopped,bundle,org.eclipse.cdt.codan.checkers.ui,1.0.0.201109151620,"org.eclipse.cdt.codan.checkers.ui",1323487055342
stopped,bundle,org.eclipse.cdt.codan.checkers,1.0.0.201109151620,"org.eclipse.cdt.codan.checkers",1323487055342
stopped,bundle,org.eclipse.cdt.codan.ui.cxx,2.0.0.201109151620,"org.eclipse.cdt.codan.ui.cxx",1323487055342
stopped,bundle,org.eclipse.cdt.codan.core.cxx,1.0.0.201109151620,"org.eclipse.cdt.codan.core.cxx",1323487055342
stopped,bundle,org.eclipse.cdt.launch.remote,2.3.0.201109151620,"org.eclipse.cdt.launch.remote",1323487055344
stopped,bundle,org.eclipse.cdt.debug.mi.ui,6.1.0.201109151620,"org.eclipse.cdt.debug.mi.ui",1323487055348
stopped,bundle,org.eclipse.cdt.debug.mi.core,7.1.1.201109151620,"org.eclipse.cdt.debug.mi.core",1323487055351
stopped,bundle,org.eclipse.cdt.debug.ui.memory.memorybrowser,1.2.100.201109151620,"org.eclipse.cdt.debug.ui.memory.memorybrowser",1323487055352
stopped,bundle,org.eclipse.cdt.debug.ui.memory.search,1.2.0.201109151620,"org.eclipse.cdt.debug.ui.memory.search",1323487055353
stopped,bundle,org.eclipse.cdt.dsf.gdb.ui,2.2.1.201109151620,"org.eclipse.cdt.dsf.gdb.ui",1323487055353
stopped,bundle,org.eclipse.cdt.dsf.ui,2.2.0.201109151620,"org.eclipse.cdt.dsf.ui",1323487055369
stopped,bundle,org.eclipse.cdt.gdb.ui,7.0.0.201109151620,"org.eclipse.cdt.gdb.ui",1323487055371
stopped,bundle,org.eclipse.cdt.dsf.gdb,4.0.1.201109151620,"org.eclipse.cdt.dsf.gdb",1323487055371
stopped,bundle,org.eclipse.cdt.launch,7.0.0.201109151620,"org.eclipse.cdt.launch",1323487055373
stopped,bundle,org.eclipse.cdt.debug.ui,7.1.1.201109151620,"org.eclipse.cdt.debug.ui",1323487055376
activated,perspective,org.eclipse.cdt.ui,,"org.eclipse.cdt.ui.CPerspective",1323537495724
started,bundle,org.eclipse.osgi,3.7.1.R37x_v20110808-1106,"org.eclipse.osgi",1323537495725
started,bundle,org.eclipse.equinox.simpleconfigurator,1.0.200.v20110502-1955,"org.eclipse.equinox.simpleconfigurator",1323537495726
started,bundle,com.ibm.icu,4.4.2.v20110208,"com.ibm.icu",1323537495728
started,bundle,org.eclipse.cdt.codan.checkers,1.0.0.201109151620,"org.eclipse.cdt.codan.checkers",1323537495729
started,bundle,org.eclipse.cdt.codan.core,2.0.0.201109151620,"org.eclipse.cdt.codan.core",1323537495729
started,bundle,org.eclipse.cdt.codan.core.cxx,1.0.0.201109151620,"org.eclipse.cdt.codan.core.cxx",1323537495730
started,bundle,org.eclipse.cdt.codan.ui.cxx,2.0.0.201109151620,"org.eclipse.cdt.codan.ui.cxx",1323537495731
started,bundle,org.eclipse.cdt.core,5.3.1.201109151620,"org.eclipse.cdt.core",1323537495732
started,bundle,org.eclipse.cdt.make.core,7.1.1.201109151620,"org.eclipse.cdt.make.core",1323537495733
started,bundle,org.eclipse.cdt.make.ui,7.1.1.201109151620,"org.eclipse.cdt.make.ui",1323537495735
started,bundle,org.eclipse.cdt.managedbuilder.core,8.0.1.201109151620,"org.eclipse.cdt.managedbuilder.core",1323537495737
started,bundle,org.eclipse.cdt.ui,5.3.1.201109151620,"org.eclipse.cdt.ui",1323537495739
started,bundle,org.eclipse.core.contenttype,3.4.100.v20110423-0524,"org.eclipse.core.contenttype",1323537495740
started,bundle,org.eclipse.core.databinding.observable,1.4.0.I20110222-0800,"org.eclipse.core.databinding.observable",1323537495742
started,bundle,org.eclipse.core.expressions,3.4.300.v20110228,"org.eclipse.core.expressions",1323537495743
started,bundle,org.eclipse.core.filebuffers,3.5.200.v20110505-0800,"org.eclipse.core.filebuffers",1323537495744
started,bundle,org.eclipse.core.filesystem,1.3.100.v20110423-0524,"org.eclipse.core.filesystem",1323537495745
started,bundle,org.eclipse.core.jobs,3.5.100.v20110404,"org.eclipse.core.jobs",1323537495746
started,bundle,org.eclipse.core.net,1.2.100.I20110511-0800,"org.eclipse.core.net",1323537495746
started,bundle,org.eclipse.core.resources,3.7.100.v20110510-0712,"org.eclipse.core.resources",1323537495748
started,bundle,org.eclipse.core.runtime,3.7.0.v20110110,"org.eclipse.core.runtime",1323537495749
started,bundle,org.eclipse.core.runtime.compatibility,3.2.100.v20100505,"org.eclipse.core.runtime.compatibility",1323537495750
started,bundle,org.eclipse.core.runtime.compatibility.auth,3.2.200.v20110110,"org.eclipse.core.runtime.compatibility.auth",1323537495751
started,bundle,org.eclipse.egit.core,1.1.0.201109151100-r,"org.eclipse.egit.core",1323537495752
